Type,Category,Romanized,Variants,Cantonese,Mandarin,English,Source
phrase,Appellation,aa caa,,阿差,,"South Asian especially, Indian and Pakistanis",wikipedia:Hong_Kong_slanguage
phrase,Appellation,ban zai,,賓仔,,"Filipino boys and Filipino girls respectively, especially refer to Filipino domestic employees",wikipedia:Hong_Kong_slanguage
phrase,Appellation,ban mui,,賓妹,,"Filipino boys and Filipino girls respectively, especially refer to Filipino domestic employees",wikipedia:Hong_Kong_slanguage
phrase,Appellation,caai lou,,差佬,,Policemen and Policewomen respectively,wikipedia:Hong_Kong_slanguage
phrase,Appellation,caa po,,差婆,,Policemen and Policewomen respectively,wikipedia:Hong_Kong_slanguage
phrase,Appellation,daai ji lung,,大耳窿,,Literally means Big ear hole; Loanshark,wikipedia:Hong_Kong_slanguage
phrase,Appellation,faa saang jau,,花生友,,"Literally means ""Peanut guy"";  Bystanders / Onlookers",wikipedia:Hong_Kong_slanguage
phrase,Appellation,gaa zai,,㗎仔,,Japanese boys and Japanese girls respectively,wikipedia:Hong_Kong_slanguage
phrase,Appellation,gaa mui,,㗎妹,,Japanese boys and Japanese girls respectively,wikipedia:Hong_Kong_slanguage
phrase,Appellation,gam so si,,金鎖匙,,"Literally means ""Golden key""; Silver spoon (People who are born in rich families)",wikipedia:Hong_Kong_slanguage
phrase,Appellation,gwai lou,,鬼佬,,"referred to Gweilo; Caucasian men, Caucasian women, Caucasian boys and Caucasian girls respectively",wikipedia:Hong_Kong_slanguage
phrase,Appellation,gwai po,,鬼婆,,"referred to Gweilo; Caucasian men, Caucasian women, Caucasian boys and Caucasian girls respectively",wikipedia:Hong_Kong_slanguage
phrase,Appellation,gwai zai,,鬼仔,,"referred to Gweilo; Caucasian men, Caucasian women, Caucasian boys and Caucasian girls respectively",wikipedia:Hong_Kong_slanguage
phrase,Appellation,gwai mui,,鬼妹,,"referred to Gweilo; Caucasian men, Caucasian women, Caucasian boys and Caucasian girls respectively",wikipedia:Hong_Kong_slanguage
phrase,Appellation,ji ng zai,,二五仔,,"Literally means ""Two"" ""Five"" Son; Insurgent, rebel, traitor or snitch. This comes from Triad argot",wikipedia:Hong_Kong_slanguage
phrase,Appellation,lou si fat,,老屎忽,,"Literally means old buttocks (Alternatively, Old seafood - seafood sounds like Cantonese word ""屎忽""); Old fart",wikipedia:Hong_Kong_slanguage
phrase,Appellation,maa daa,,媽打,,"Sound like the English words ""Mother"", ""Father"", ""Brother"" and ""Sister"" respectively; Mother, Father, Brother and Sister respectively",wikipedia:Hong_Kong_slanguage
phrase,Appellation,faa daa,,花打,,"Sound like the English words ""Mother"", ""Father"", ""Brother"" and ""Sister"" respectively; Mother, Father, Brother and Sister respectively",wikipedia:Hong_Kong_slanguage
phrase,Appellation,baa daa,,巴打,,"Sound like the English words ""Mother"", ""Father"", ""Brother"" and ""Sister"" respectively; Mother, Father, Brother and Sister respectively",wikipedia:Hong_Kong_slanguage
phrase,Appellation,and si daa,,絲打,,"Sound like the English words ""Mother"", ""Father"", ""Brother"" and ""Sister"" respectively; Mother, Father, Brother and Sister respectively",wikipedia:Hong_Kong_slanguage
phrase,Appellation,puk gaai,,仆街,,"Sound like the English words ""Poor Guy""; Villain / Bastard or someone deserves to die",wikipedia:Hong_Kong_slanguage
phrase,Appellation,sai man zai,,細蚊仔,,Literally means small mosquito; Children / Kids,wikipedia:Hong_Kong_slanguage
phrase,Appellation,se wong,,蛇王,,Literally means Snake King; Could either describe someone who is a professional salary stealer or a professional snake catcher,wikipedia:Hong_Kong_slanguage
phrase,Appellation,seoi jyu,,水魚,,"Literally means Water fish; 1). - Turtle or Trionychidae. 2.) - Easy mark (Someone who is easily deceived, fooled or victimised)",wikipedia:Hong_Kong_slanguage
phrase,Appellation,si naai,,師奶,,"Sound like the English words ""C"" ""Nine""; Aunt, housewife or married woman",wikipedia:Hong_Kong_slanguage
phrase,Appellation,sik sak mai,,食塞米,,Freeloader / Sponger,wikipedia:Hong_Kong_slanguage
phrase,Appellation,sik ziu,,食蕉,,"Literally to eat banana and sounds like the English word ""Secure""; 1.)Security guard. 2.) Eat excrement, as bananas look like excrement",wikipedia:Hong_Kong_slanguage
phrase,Company,cat zai,,七仔,,"Literally means ""Seven"" son; 7-Eleven",wikipedia:Hong_Kong_slanguage
phrase,Company,daai zau dim,,大酒店,,Literally means Big hotel; 1.) - Hongkong and Shanghai Hotels. 2.) - Funeral home,wikipedia:Hong_Kong_slanguage
phrase,Company,gai gei,,雞記,,"Etymology: 雞 (Chicken) + 記 (""meaningless suffix""); KFC restaurant",wikipedia:Hong_Kong_slanguage
phrase,Company,lou din,,老電,,"Etymology: 老 (""old"", ""elder"" or ""ancient"") + 電 (Literally means ""Electricity"" or ""Tele-""; PCCW",wikipedia:Hong_Kong_slanguage
phrase,Company,m gei,,M記,,McDonald's,wikipedia:Hong_Kong_slanguage
phrase,Business terminology,caau jau jyu,,炒魷魚,,Literally to stir-fry a squid; Dismissal,wikipedia:Hong_Kong_slanguage
phrase,Business terminology,daai ceot hyut,,大出血,,Literally means Heavy Bleeding; To cost an arm and a leg / pay a small fortune,wikipedia:Hong_Kong_slanguage
phrase,Business terminology,daat deng,,撻訂,,The seller forfeits buyer's deposit after the buyer failed to complete the deal,wikipedia:Hong_Kong_slanguage
phrase,Business terminology,dan dung gu,,燉冬菇,,"Literally to simmer Shiitake Mushrooms; Demotion, this slang originated from Hong Kong Police Force in British Hong Kong era",wikipedia:Hong_Kong_slanguage
phrase,Business terminology,fei gai caan,,肥雞餐,,Literally means Fat Chicken Meal; A generous voluntary severance package or Golden handshake,wikipedia:Hong_Kong_slanguage
phrase,Business terminology,haai fo,,蟹貨,,"Literally means Crab-Goods; Stocks or goods that have decreased in value, such that selling it will result in loss",wikipedia:Hong_Kong_slanguage
phrase,Business terminology,paak wu jing,,拍烏蠅,,Literally to swat flies; having a slack business,wikipedia:Hong_Kong_slanguage
phrase,Business terminology,se bok,,卸膊,,Literally to unload shoulder (to unload ball); to bunk off or to deny or refuse responsibility,wikipedia:Hong_Kong_slanguage
phrase,Business terminology,se bo,,卸波,,Literally to unload shoulder (to unload ball); to bunk off or to deny or refuse responsibility,wikipedia:Hong_Kong_slanguage
phrase,Business terminology,sik mou cing gai,,食無情雞,,Literally to eat merciless chicken; To receive a Pink slip,wikipedia:Hong_Kong_slanguage
phrase,Business terminology,zap lap,,執笠,,To close down / To go bankrupt,wikipedia:Hong_Kong_slanguage
phrase,Unit of Money,hou zi,,毫子,,10 Cents,wikipedia:Hong_Kong_slanguage
token,Unit of Money,man,,蚊,,Literally means Mosquito; Dollar,wikipedia:Hong_Kong_slanguage
token,Unit of Money,cou,,草,,Literally means Grass; 10 Dollars,wikipedia:Hong_Kong_slanguage
token,Unit of Money,gau,,嚿,,Literally means Piece; 100 Dollars,wikipedia:Hong_Kong_slanguage
token,Unit of Money,pei,,皮,,"Literally means Skin, Granular, Basin or sink-shaped respectively; 10,000 Dollars",wikipedia:Hong_Kong_slanguage
token,Unit of Money,lap,,粒,,"Literally means Skin, Granular, Basin or sink-shaped respectively; 10,000 Dollars",wikipedia:Hong_Kong_slanguage
phrase,Unit of Money,or pun,,盤,,"Literally means Skin, Granular, Basin or sink-shaped respectively; 10,000 Dollars",wikipedia:Hong_Kong_slanguage
token,Unit of Money,kau,,球,,"Literally means Ball; 1,000,000 Dollars",wikipedia:Hong_Kong_slanguage
phrase,Unit of Money,cing haai,,青蟹,,Literally means Green crab; Hong Kong ten-dollar note (issued in 1982-85 by HSBC),wikipedia:Hong_Kong_slanguage
phrase,Unit of Money,faa haai,,花蟹,,Literally means Flower crab; Hong Kong ten-dollar note (issued in 2002-2005 by Hong Kong government),wikipedia:Hong_Kong_slanguage
phrase,Unit of Money,gaau haai,,膠蟹,,"Literally means Plastic crab; Hong Kong ten-dollar note (issued in 2007-2018 by Hong Kong government, made of polymer)",wikipedia:Hong_Kong_slanguage
phrase,Unit of Money,hung saam jyu,,紅衫魚,,Literally means Red clothes fish (Nemipterus virgatus); Hong Kong one hundred-dollar note (red colour),wikipedia:Hong_Kong_slanguage
phrase,Unit of Money,daai ngau,,大牛,,Literally means Big Buffalo; Hong Kong five hundred-dollar note,wikipedia:Hong_Kong_slanguage
phrase,Unit of Money,gam ngau,,金牛,,Literally means Golden Cow; Hong Kong one thousand-dollar note,wikipedia:Hong_Kong_slanguage
phrase,Department,caai gun,,差館,,Police station,wikipedia:Hong_Kong_slanguage
phrase,Department,lou lim,,老廉,,"Etymology: 老 (""meaningless prefix"") + 廉 (廉潔 means incorruptible); ICAC",wikipedia:Hong_Kong_slanguage
phrase,Department,lau gei,,柳記,,Hong Kong Correctional Services Department (CSD),wikipedia:Hong_Kong_slanguage
phrase,Department,o gei,,O記,,Organised Crime and Triad Bureau (OCTB) of Hong Kong Police Force,wikipedia:Hong_Kong_slanguage
phrase,Criminal terminology,baak fan,,白粉,,Literally means White Powder; Heroin,wikipedia:Hong_Kong_slanguage
phrase,Criminal terminology,baau gaak,,爆格,,"Sound like English word, ""burglar""; Burglary",wikipedia:Hong_Kong_slanguage
phrase,Criminal terminology,ceot caak,,出冊,,"Etymology: 出 (""means Exit"") + 冊 (Chinese character looks like jail frame);To be released from prison",wikipedia:Hong_Kong_slanguage
phrase,Criminal terminology,ceot maau,,出貓,,Literally means Exiting cat; Cheating in examination,wikipedia:Hong_Kong_slanguage
phrase,Criminal terminology,daa ho baau,,打荷包,,Pickpocketing,wikipedia:Hong_Kong_slanguage
phrase,Criminal terminology,deoi cou,,隊草,,Literally to take grass / weed; Cannabis smoking,wikipedia:Hong_Kong_slanguage
phrase,Criminal terminology,gaam dan,,監躉,,Prisoner or ex-Prisoner,wikipedia:Hong_Kong_slanguage
phrase,Criminal terminology,hoi pin,,開片,,Literally to start filming; Gang fight with weapons,wikipedia:Hong_Kong_slanguage
phrase,Criminal terminology,jap caak,,入冊,,"Etymology: 入 (""means Enter"") + 冊 (Chinese character looks like jail frame); To be imprisoned",wikipedia:Hong_Kong_slanguage
phrase,Criminal terminology,leon daai mai,,輪大米,,Literally to queue for rice; Gang rape,wikipedia:Hong_Kong_slanguage
phrase,Criminal terminology,lou lap,,老笠,,"Etymology: 老 (""meaningless prefix"") + 笠 (Sound like English word ""rob""); Robbery",wikipedia:Hong_Kong_slanguage
phrase,Criminal terminology,maa jip,,孖葉,,Literally means Double leaves; Handcuffs,wikipedia:Hong_Kong_slanguage
phrase,Criminal terminology,ngau juk gon,,牛肉乾,,Literally means Dehydrated beef; Fixed penalty parking ticket,wikipedia:Hong_Kong_slanguage
phrase,Criminal terminology,sai tau teng,,洗頭艇,,"Literally means Shampoo boat; Illegal high-speed ferry, a sea transportation tool crossing border without official immigration procedure",wikipedia:Hong_Kong_slanguage
phrase,Criminal terminology,sai taai ping dei,,洗太平地,,Literally means hose washing of public places; To disrupt a business of Triad Society or illegal gangs by regular patrolling or spot checking,wikipedia:Hong_Kong_slanguage
phrase,Criminal terminology,san jau si,,身有屎,,Literally means Feces on the body; Skeleton in the closet,wikipedia:Hong_Kong_slanguage
phrase,Criminal terminology,si piu,,撕票,,To Kill the kidnappee,wikipedia:Hong_Kong_slanguage
phrase,Criminal terminology,sik sei maau,,食死貓,,Literally to eat a dead cat; To be a Scapegoat,wikipedia:Hong_Kong_slanguage
phrase,Criminal terminology,tiu fui,,跳灰,,"Literally means Jumping ash (Running powder); Drug trafficking, especially for Heroin",wikipedia:Hong_Kong_slanguage
phrase,Criminal terminology,zau fan,,走粉,,"Literally means Jumping ash (Running powder); Drug trafficking, especially for Heroin",wikipedia:Hong_Kong_slanguage
phrase,Criminal terminology,tong sei ngau,,劏死牛,,"Literally to butcher a dead cow; To rob somebody in quiet place, especially in night time",wikipedia:Hong_Kong_slanguage
phrase,Criminal terminology,zap si,,執屍,,Literally means collect or take a corpse; To rape drunk or unconscious female,wikipedia:Hong_Kong_slanguage
phrase,Criminal terminology,zek zau,,隻揪,,One-against-one fight,wikipedia:Hong_Kong_slanguage
phrase,Criminal terminology,zoek cou,,著草,,Literally to wear grass; To flee,wikipedia:Hong_Kong_slanguage
phrase,Criminal terminology,zuk wong goek gai,,捉黃腳雞,,Literally to catch yellow-foot chicken; Badger game,wikipedia:Hong_Kong_slanguage
phrase,Gun,kuk cek,,曲尺,,Literally means Crooker-ruler; Semi-automatic pistol,wikipedia:Hong_Kong_slanguage
phrase,Gun,zo leon,,左輪,,Literally means left-wheel-gun; Revolver,wikipedia:Hong_Kong_slanguage
phrase,Foods and Drinks,baak tong,,白湯,,Literally means White soup; Chowder or Cream of mushroom soup,wikipedia:Hong_Kong_slanguage
phrase,Foods and Drinks,daan daat,,蛋撻,,Egg tart,wikipedia:Hong_Kong_slanguage
phrase,Foods and Drinks,gai daan zai,,雞蛋仔,,Literally means Chicken egg-son; Egg waffle,wikipedia:Hong_Kong_slanguage
phrase,Foods and Drinks,ho laan seoi,,荷蘭水,,Literally means Dutch water; Carbonated water or Soft drink,wikipedia:Hong_Kong_slanguage
phrase,Foods and Drinks,hung tong,,紅湯,,Literally means Red soup; Borscht,wikipedia:Hong_Kong_slanguage
phrase,Foods and Drinks,min zi,,免治,,"Sound like the English word ""Mince""; Mincing",wikipedia:Hong_Kong_slanguage
phrase,Foods and Drinks,ngai gwaa,,矮瓜,,Literally means Short melon; Aubergine (Eggplant),wikipedia:Hong_Kong_slanguage
phrase,Foods and Drinks,waan jyu,,鯇魚,,Grass carp,wikipedia:Hong_Kong_slanguage
phrase,Steak cooking levels,jat sing suk,,一成熟,,Literally means 10% cooked; Rare,wikipedia:Hong_Kong_slanguage
phrase,Steak cooking levels,saam sing suk,,三成熟,,Literally means 30% cooked; Medium rare,wikipedia:Hong_Kong_slanguage
phrase,Steak cooking levels,ng sing suk,,五成熟,,Literally means 50% cooked; Medium,wikipedia:Hong_Kong_slanguage
phrase,Steak cooking levels,cat sing suk,,七成熟,,Literally means 70% cooked; Medium well,wikipedia:Hong_Kong_slanguage
phrase,Steak cooking levels,cyun suk,,全熟,,Literally means fully cooked; Well done,wikipedia:Hong_Kong_slanguage
token,Foul language,diu,,屌 / 𨳒,,Fuck,wikipedia:Hong_Kong_slanguage
phrase,Foul language,ham gaa caan,,冚家剷,,Literally means Whole family die; Common curse phrase for someone's whole family being death and bulldozed,wikipedia:Hong_Kong_slanguage
phrase,Foul language,jaak ziu,,吔蕉,,"Literally to eat banana; a vulgar way of expressing hostility and strong irritation, ""Piss off!""",wikipedia:Hong_Kong_slanguage
phrase,Foul language,saap ngong,,霎戇,,"(of a decision) Stupid, Ignorant or Ridiculous",wikipedia:Hong_Kong_slanguage
phrase,Foul language,sau pei,,收皮,,"Literally to collect skin; Knock it off, similar meaning as 吔蕉 in slang",wikipedia:Hong_Kong_slanguage
phrase,Love and Sex,ce kei,,扯旗,,Literally to raise a flag; Penile erection,wikipedia:Hong_Kong_slanguage
phrase,Love and Sex,ceoi siu,,吹簫,,Literally to play Xiao; Women performing Oral sex for men,wikipedia:Hong_Kong_slanguage
phrase,Love and Sex,daa fei gei,,打飛機,,Literally to Hit the aeroplane; Male Masturbation,wikipedia:Hong_Kong_slanguage
phrase,Love and Sex,din dang daam,,電燈膽,,Literally means Light bulb; Third wheel,wikipedia:Hong_Kong_slanguage
token,Love and Sex,gai,,雞,,Literally means Chicken; Female sex worker,wikipedia:Hong_Kong_slanguage
phrase,Love and Sex,m gan,,M巾,,"M for Menstrual, 巾 means towel in Chinese; Sanitary Napkin",wikipedia:Hong_Kong_slanguage
phrase,Love and Sex,maai fei fat,,賣飛佛,,"Sound like English words ""My favorite""; My favorite, this slang originated from Ron Ng's Hong Kong English",wikipedia:Hong_Kong_slanguage
token,Love and Sex,ngaap,,鴨,,Literally means Duck; Male prostitution or Gigolo,wikipedia:Hong_Kong_slanguage
phrase,Love and Sex,sei zai,,四仔,,"Literally means ""Four"" son; Pornographic films",wikipedia:Hong_Kong_slanguage
phrase,Love and Sex,sik yun faan,,食軟飯,,Literally to eat soft rice (to eat slippers' rice); To sponge off women,wikipedia:Hong_Kong_slanguage
phrase,Love and Sex,sik to haai faan,,食拖鞋飯,,Literally to eat soft rice (to eat slippers' rice); To sponge off women,wikipedia:Hong_Kong_slanguage
phrase,Love and Sex,taat zoek,,撻著,,Literally to ignite a fire; two people fall in love and become a couple,wikipedia:Hong_Kong_slanguage
phrase,Love and Sex,tau sik,,偷食,,"Literally to sneak food; Adultery, Infidelity or Two-time",wikipedia:Hong_Kong_slanguage
phrase,"Building, construction and property",caap zam lau,,插針樓,,Literally means Needle insertion building (Toothpick building); Pencil tower,wikipedia:Hong_Kong_slanguage
phrase,"Building, construction and property",ngaa cim lau,,牙籤樓,,Literally means Needle insertion building (Toothpick building); Pencil tower,wikipedia:Hong_Kong_slanguage
phrase,"Building, construction and property",coeng ming kai,,長命契,,Literally means deed of longevity; Joint Tenancy,wikipedia:Hong_Kong_slanguage
phrase,"Building, construction and property",daai zam baan,,大砧板,,Literally means big cutting board; Transfer plate,wikipedia:Hong_Kong_slanguage
phrase,"Building, construction and property",deng kai,,釘契,,Literally means nailing the title or deed; Encumbrance,wikipedia:Hong_Kong_slanguage
phrase,"Building, construction and property",gaau gat,,交吉,,The property is sold with vacant possession (NOT subject to a tenancy),wikipedia:Hong_Kong_slanguage
phrase,"Building, construction and property",hak ci,,黑廁,,Literally means Black toilet; Bathroom without Window,wikipedia:Hong_Kong_slanguage
phrase,"Building, construction and property",laan mei lau,,爛尾樓,,Literally means Tail-rotten building; Unfinished building,wikipedia:Hong_Kong_slanguage
phrase,"Building, construction and property",lau faa,,樓花,,Literally means Apartment-flowers; Off-plan property,wikipedia:Hong_Kong_slanguage
phrase,"Building, construction and property",nai tau ce,,泥頭車,,Literally means Clay-head-cars; Dump truck,wikipedia:Hong_Kong_slanguage
phrase,"Building, construction and property",naap mai lau,,納米樓,,Literally means Nanometre Houses; Nano Flats (apartments which Saleable area are measuring less than 215 sq. ft.),wikipedia:Hong_Kong_slanguage
phrase,"Building, construction and property",ngan zyu pun,,銀主盤,,"Foreclosure, mainly in Real Estate, like apartments and houses",wikipedia:Hong_Kong_slanguage
phrase,"Building, construction and property",sek si,,石屎,,Literally means Stone-Feces; Concrete,wikipedia:Hong_Kong_slanguage
phrase,"Building, construction and property",si bo ling,,士波令,,"Sound like English word, ""spalling""; Spalling",wikipedia:Hong_Kong_slanguage
phrase,"Building, construction and property",tek goek baan,,踢腳板,,"Literally means Kick-Feet-Board; 1.) - Toe board, 2.) Baseboard",wikipedia:Hong_Kong_slanguage
phrase,"Building, construction and property",tin lo ce,,田螺車,,Literally means River snail-cars; Concrete mixer truck,wikipedia:Hong_Kong_slanguage
phrase,"Building, construction and property",tong fong,,劏房,,Literally means Butchered rooms; Subdivided flats,wikipedia:Hong_Kong_slanguage
phrase,"Building, construction and property",waat nai ce,,挖泥車,,"Literally means Excavate-mud-vehicle. (Alternatively, Caan2 nai4 ce1 (剷泥車) - Literally means Shovel-mud-vehicle, or Gai1 tau4 (雞頭) - Literally means Chicken head); Excavator",wikipedia:Hong_Kong_slanguage
phrase,"Building, construction and property",zyu lik coeng,,主力牆,,Literally means Main-force-wall; Load-bearing wall,wikipedia:Hong_Kong_slanguage
phrase,Electricity,lou syu mei,,老鼠尾,,Literally means Mouse/Rat tail; RCBO,wikipedia:Hong_Kong_slanguage
phrase,Electricity,seoi sin,,水線,,Literally means Water-wire; Earth Wire,wikipedia:Hong_Kong_slanguage
phrase,Electricity,seoi zung,,水總,,RCCB,wikipedia:Hong_Kong_slanguage
phrase,Electricity,tar biu,,tar表,,Multimeter,wikipedia:Hong_Kong_slanguage
phrase,Electricity,tiu zai,,跳掣,,Literally to jump the switch; To trip circuit breaker,wikipedia:Hong_Kong_slanguage
phrase,Medical,baau gong,,爆江,,Literally to rupture a river / crock; Bleeding,wikipedia:Hong_Kong_slanguage
phrase,Medical,daap kiu,,搭橋,,Literally to build a bridge; Coronary Artery Bypass Grafting (CABG),wikipedia:Hong_Kong_slanguage
phrase,Medical,hei gai pei,,起雞皮,,Literally to raise chicken skin; To get Goose bumps,wikipedia:Hong_Kong_slanguage
phrase,Medical,siu ji fo,,小兒科,,Literally means Pediatric; 1). - Pediatric. 2.) - Child's Play or Insignificant things,wikipedia:Hong_Kong_slanguage
phrase,Medical,tung bo zai,,通波仔,,Literally to make something smooth by a small ball; Angioplasty,wikipedia:Hong_Kong_slanguage
phrase,Medical,wong luk ji saang,,黃綠醫生 / 黃六醫生,,Literally means Yellow green doctor / Yellow six doctor; Quackery,wikipedia:Hong_Kong_slanguage
phrase,Vehicle,bo soeng,,波箱,,Literally means Wave-Box; Gear Box,wikipedia:Hong_Kong_slanguage
phrase,Vehicle,ce paai,,車牌,,Literally means Vehicle License; 1.) - Vehicle registration plate. 2.) - Driver's license,wikipedia:Hong_Kong_slanguage
phrase,Vehicle,din daan ce,,電單車,,Literally means Electric bike - Motorcycle,wikipedia:Hong_Kong_slanguage
phrase,Vehicle,gik lik zi,,極力子,,Sound like the English word Clutch; Clutch,wikipedia:Hong_Kong_slanguage
phrase,Vehicle,gwan bo,,棍波,,Literally means Stick-Gear Box; Manual transmission,wikipedia:Hong_Kong_slanguage
phrase,Vehicle,zi dung bo,,自動波,,Literally means Automation-Gear Box; Automatic Transmission,wikipedia:Hong_Kong_slanguage
phrase,Other,be ling,,啤令,,"Sound like the English words ""Bearing""; Bearing",wikipedia:Hong_Kong_slanguage
phrase,Other,jin so,,燕梳,,"Literally means Swallow-Comb, sound like the English word ""Insure""; Insurance",wikipedia:Hong_Kong_slanguage
phrase,Other,si baa naa,,士巴拿,,"Sounds like the English words ""Spanner""; Wrench or Shifter",wikipedia:Hong_Kong_slanguage
token,Football,bo,,波,,"Literally means wave, but sounds like the English word ""ball""; Ball or Football",wikipedia:Hong_Kong_slanguage
phrase,Football,caap faa,,插花,,Literally means flower bouquet; Step over,wikipedia:Hong_Kong_slanguage
phrase,Football,caau gaai laan,,炒芥蘭,,Literally to stir-fry Chinese broccoli; A football player get injured thigh tendons or muscles by crashing someone's kneel leg or hard body,wikipedia:Hong_Kong_slanguage
phrase,Football,dei biu zin,,地標戰,,"Literally to landmark-battle, but 地標 sounds like the English/French word ""debut""; Debut",wikipedia:Hong_Kong_slanguage
phrase,Football,fu tim,,夫添,,"Sound like English word, ""full team""; Football squad without any injury, sickness or suspension",wikipedia:Hong_Kong_slanguage
phrase,Football,jin haak,,宴客,,Literally to hold a banquet; To miss a penalty,wikipedia:Hong_Kong_slanguage
phrase,Football,lai hang gung si,,例行公事,,Literally means routine job; Dead rubber,wikipedia:Hong_Kong_slanguage
phrase,Football,ngau baa bui,,歐霸盃,,UEFA Europa League,wikipedia:Hong_Kong_slanguage
phrase,Football,ngau lyun,,歐聯,,UEFA Champions League,wikipedia:Hong_Kong_slanguage
phrase,Football,sik bo beng,,食波餅,,Literally to eat ball biscuit; Someone's head or face gets hit by a football,wikipedia:Hong_Kong_slanguage
phrase,Football,tung haang keoi,,通坑渠,,Literally to unblock sewer pipes or clogged wastewater drain; Nutmeg,wikipedia:Hong_Kong_slanguage
phrase,Football,wo lei,,窩利,,"Sounds like the English word ""volley""; Volley",wikipedia:Hong_Kong_slanguage
phrase,Non-football,caai roller,,踩roller,,踩 means step on; Playing roller skating,wikipedia:Hong_Kong_slanguage
phrase,Non-football,daat q,,撻Q,,Q sound like cue; To miss one's (snooker) cue,wikipedia:Hong_Kong_slanguage
phrase,Non-football,duk bo,,篤波,,Playing snooker,wikipedia:Hong_Kong_slanguage
phrase,Non-football,jap zeon,,入樽,,Literally to put something into bottle; Slam dunk of basketball,wikipedia:Hong_Kong_slanguage
phrase,Non-football,luk ling,,轆齡,,"轆 / 碌 means wheel (as noun) or roll (as verb), 拎 / 齡 sounds like English word lane; Playing bowling (in Chinese, 保""齡""球)",wikipedia:Hong_Kong_slanguage
phrase,Non-football,wong cou fe laam pink,,黃-草-啡-藍-Pink,,Literally means Yellow - Grass - Coffee / Brown - Blue - Pink; Slang of snooker colour ball except Black,wikipedia:Hong_Kong_slanguage
phrase,English Idioms,coeng geng,,搶鏡,,Literally to rob of Mirror; Steal the show,wikipedia:Hong_Kong_slanguage
phrase,English Idioms,ding nei m seon,,頂你唔順,,You make me sick!,wikipedia:Hong_Kong_slanguage
phrase,English Idioms,sai sap zo go tau,,洗濕左個頭,,"Literally means that hair is already wet, might as well wash it; What is done cannot be undone. (already committed; already involved; too late to back out; have to see it through)",wikipedia:Hong_Kong_slanguage
phrase,Others,fong fei gei,,放飛機,,Literally to fly an aeroplane; To fail to turn up on a date / To stand somebody up,wikipedia:Hong_Kong_slanguage
phrase,Others,sap buk,,十卜,,"Sounds like the English word ""Support""; To cheer someone up",wikipedia:Hong_Kong_slanguage
phrase,Others,fu luk,,負碌,,"Sounds like the English word ""Fluke""; meaning something that is unlikely or surprising and only happens because of luck",wikipedia:Hong_Kong_slanguage
phrase,Others,o zeoi,,O嘴,,"Literally to have an O-shaped mouth (to drop glasses); To feel astonished and stunned, meaning 'oh my gosh'. The jaw drops and the shape of the mouth resembles the English letter, O",wikipedia:Hong_Kong_slanguage
phrase,Others,dit ngaan geng,,跌眼鏡,,"Literally to have an O-shaped mouth (to drop glasses); To feel astonished and stunned, meaning 'oh my gosh'. The jaw drops and the shape of the mouth resembles the English letter, O",wikipedia:Hong_Kong_slanguage
phrase,Others,chyun zeoi,,串嘴,,To behave arrogantly and rudely,wikipedia:Hong_Kong_slanguage
phrase,Others,wat gei,,屈機,,Literally to break a machine into two pieces; an adjective describing someone who is tremendous and excellent,wikipedia:Hong_Kong_slanguage
phrase,Others,sing ne,,升呢,,To gain a higher level in video game or Promotion,wikipedia:Hong_Kong_slanguage
phrase,Others,baan haai,,扮蟹,,To behave pretentiously,wikipedia:Hong_Kong_slanguage
phrase,Others,pan faan,,噴飯,,"Literally meaning is ""spitting rice""; something makes you burst into laughter",wikipedia:Hong_Kong_slanguage
phrase,Others,dik hon,,滴汗,,Literally to sweat; to feel speechless and reticent,wikipedia:Hong_Kong_slanguage
phrase,Others,gwai cuk,,龜速,,Literally means turtle speed; extremely slow speed,wikipedia:Hong_Kong_slanguage
phrase,Others,cim seoi,,潛水,,Literally means underwater diving; to disappear or Lurker,wikipedia:Hong_Kong_slanguage
phrase,Others,laang hei gwan si,,冷氣軍師,,Literally means an adviser inside an air-conditioning room; Armchair expert or Keyboard warrior,wikipedia:Hong_Kong_slanguage
phrase,Others,zau sou,,走數,,Literally means to run away from one's debts; to chicken out or failing to keep promise,wikipedia:Hong_Kong_slanguage
phrase,Others,daa zim,,打尖,,Cutting in line,wikipedia:Hong_Kong_slanguage
phrase,Others,ceoi seoi,,吹水,,Literally to blow water; Chit-chatting,wikipedia:Hong_Kong_slanguage
phrase,Others,gaau cyun go party,,搞串個party,,Party pooping,wikipedia:Hong_Kong_slanguage
phrase,Others,lau daa,,摟打,,To make someone angry and provoke someone for fighting,wikipedia:Hong_Kong_slanguage
phrase,Others,liu gaau daa,,撩交打,,To make someone angry and provoke someone for fighting,wikipedia:Hong_Kong_slanguage
phrase,Others,diu jyu,,釣魚,,Literally to fish; To nod off / drift off / doze off,wikipedia:Hong_Kong_slanguage
phrase,Others,tip si,,貼士,,"Sound like the English word ""Tips""; 1). - Hints (Tips). 2). - Gratuity (Tip)",wikipedia:Hong_Kong_slanguage
phrase,Others,gei daai,,幾歹,,"As adverb, Whatever",wikipedia:Hong_Kong_slanguage
phrase,Others,hou daai,,好歹,,"As adverb, Whatever",wikipedia:Hong_Kong_slanguage
phrase,Others,mou laa laa,,無啦啦,,"As adverb, Out of the blue (Suddenly and unexpectedly)",wikipedia:Hong_Kong_slanguage
phrase,Others,sat ging mou san,,失驚無神,,"As adverb, Out of the blue (Suddenly and unexpectedly)",wikipedia:Hong_Kong_slanguage
phrase,Others,or si fat han,,"屎忽痕, Literally means buttocks itch.",,"As adverb, Out of the blue (Suddenly and unexpectedly)",wikipedia:Hong_Kong_slanguage
phrase,Others,pou tau,,蒲頭,,To appear,wikipedia:Hong_Kong_slanguage
phrase,Others,put laang seoi,,潑冷水,,Literally to pour cold water on somebody or something; To dampen somebody's enthusiasm / to put a damper on something / discourage someone from doing something,wikipedia:Hong_Kong_slanguage
phrase,Others,sou zau si,,蘇州屎,,Literally means Suzhou feaces; Hot potato,wikipedia:Hong_Kong_slanguage
phrase,Others,fei lou,,肥佬,,"Literally means ""fat man"" but sounds like English word ""fail""; Failing an examination",wikipedia:Hong_Kong_slanguage
phrase,Others,jyut ging post,,月經Post,,,wikipedia:Hong_Kong_slanguage
phrase,Others,jyut ging tip,,月經帖,,,wikipedia:Hong_Kong_slanguage
phrase,Others,dou baak tau pin,,賭白頭片,,To bet money on something or to gamble while not having enough money to pay if one loses,wikipedia:Hong_Kong_slanguage
